<?xml version="1.0" encoding="UTF-8"?>
<rss xmlns:atom="http://www.w3.org/2005/Atom" xmlns:media="http://search.yahoo.com/mrss/" xmlns:content="http://purl.org/rss/1.0/modules/content/" xmlns:dc="http://purl.org/dc/elements/1.1/" version="2.0">
  <channel>
    <title>OS DataMercs</title>
    <link>https://www.datamercs.net</link>
    <atom:link href="https://www.datamercs.net/index.xml" rel="self" type="application/rss+xml"/>
    <description>OS DataMercs
</description>
    <image>
      <title>OS DataMercs</title>
      <url>https://www.datamercs.net/logo.png</url>
      <link>https://www.datamercs.net</link>
    </image>
    <generator>Distill</generator>
    <lastBuildDate>Fri, 04 Mar 2022 00:00:00 +0000</lastBuildDate>
    <item>
      <title>Welcome to OS DataMercs</title>
      <dc:creator>Olaf Schmalfuß</dc:creator>
      <link>https://www.datamercs.net/posts/welcome</link>
      <description>OS DataMercs is inspired to elevate the publishing industry by consulting, encouraging and providing most recognized metadata services.</description>
      <guid>https://www.datamercs.net/posts/welcome</guid>
      <pubDate>Fri, 04 Mar 2022 00:00:00 +0000</pubDate>
      <media:content url="https://www.datamercs.net/posts/welcome/trinity of discovery.jpg" medium="image" type="image/jpeg"/>
    </item>
    <item>
      <title>rough guide to Git Large File Storage (LFS)</title>
      <dc:creator>Olaf Schmalfuss</dc:creator>
      <link>https://www.datamercs.net/posts/2022-02-28-rough-guide-to-git-large-file-storage-lfs</link>
      <description>Git Large File Storage (LFS) allows for versioning files larger than 100MB on GitHub. While this seems like a no brainer at first glance, it also comes with some draw backs. Thus, here's a rough guide on howto set-up Git-LFS and uninstall from a project again.</description>
      <guid>https://www.datamercs.net/posts/2022-02-28-rough-guide-to-git-large-file-storage-lfs</guid>
      <pubDate>Mon, 28 Feb 2022 00:00:00 +0000</pubDate>
      <media:content url="https://www.datamercs.net/posts/2022-02-28-rough-guide-to-git-large-file-storage-lfs/GITLFS.png" medium="image" type="image/png" width="511" height="272"/>
    </item>
    <item>
      <title>Z39.50 for Dummies</title>
      <dc:creator>Wolfram Schneider</dc:creator>
      <dc:creator>Olaf Schmalfuß</dc:creator>
      <link>https://www.datamercs.net/posts/2020-08-15-z3950-for-dummies</link>
      <description>This (cleaning up the vaults) is a shameless re-post of a now no longer available blogpost by Wolfram Schneider from Index Data, originally posted in 5 parts 2009/08/27-2010/01/13, which tought me a lot about implementing Z39.50 and the YAZ toolkit. I even printed it out back in the day and it is still worth reading today!</description>
      <guid>https://www.datamercs.net/posts/2020-08-15-z3950-for-dummies</guid>
      <pubDate>Sat, 15 Aug 2020 00:00:00 +0000</pubDate>
    </item>
    <item>
      <title>Win Task Scheduler for cygwin</title>
      <dc:creator>Olaf Schmalfuß</dc:creator>
      <link>https://www.datamercs.net/posts/2020-07-07-wintaskschedulerforcygwin</link>
      <description>HowTo run bash scripts via Cygwin as Scheduled Task (i.e. "Aufgabenplanung") in Windows</description>
      <guid>https://www.datamercs.net/posts/2020-07-07-wintaskschedulerforcygwin</guid>
      <pubDate>Tue, 07 Jul 2020 00:00:00 +0000</pubDate>
      <media:content url="https://www.datamercs.net/posts/2020-07-07-wintaskschedulerforcygwin/example.png" medium="image" type="image/png" width="1258" height="839"/>
    </item>
    <item>
      <title>rbbKultur - Mediathek-Downloader</title>
      <dc:creator>Olaf Schmalfuß</dc:creator>
      <link>https://www.datamercs.net/posts/2018-04-05-rbbkultur-mediathek-downloader</link>
      <description>HowTo download "Mediathek" features for archival purposes</description>
      <guid>https://www.datamercs.net/posts/2018-04-05-rbbkultur-mediathek-downloader</guid>
      <pubDate>Thu, 05 Apr 2018 00:00:00 +0000</pubDate>
      <media:content url="https://www.datamercs.net/posts/2018-04-05-rbbkultur-mediathek-downloader/dwnfunction.png" medium="image" type="image/png" width="432" height="274"/>
    </item>
    <item>
      <title>bash 'test' command</title>
      <dc:creator>Olaf Schmalfuß</dc:creator>
      <link>https://www.datamercs.net/posts/2017-11-09-bash-test-command</link>
      <description>A mental note and short reminder on how to use the "test" command in bash if-loops or using the &amp;&amp; and || operators for conditional scripting.</description>
      <guid>https://www.datamercs.net/posts/2017-11-09-bash-test-command</guid>
      <pubDate>Thu, 09 Nov 2017 00:00:00 +0000</pubDate>
      <media:content url="https://www.datamercs.net/posts/2017-11-09-bash-test-command/helptest.png" medium="image" type="image/png" width="640" height="320"/>
    </item>
    <item>
      <title>Howto batch rename on the command line</title>
      <dc:creator>Olaf Schmalfuß</dc:creator>
      <link>https://www.datamercs.net/posts/2017-08-24-howto-batch-rename-on-the-command-line</link>
      <description>Renaming files is one of the everyday tasks, for which many people genuinely scramble and download the most dubious programs from the internet, while one could actually do this pretty easy with command line tools.  
Here we will put down some quick and easy bash and PowerShell examples that anybody can do!</description>
      <guid>https://www.datamercs.net/posts/2017-08-24-howto-batch-rename-on-the-command-line</guid>
      <pubDate>Thu, 24 Aug 2017 00:00:00 +0000</pubDate>
      <media:content url="https://www.datamercs.net/posts/2017-08-24-howto-batch-rename-on-the-command-line/manrename.png" medium="image" type="image/png" width="640" height="320"/>
    </item>
    <item>
      <title>Working with KBART files</title>
      <dc:creator>Olaf Schmalfuss</dc:creator>
      <link>https://www.datamercs.net/posts/2015-02-02-working-with-kbart-files</link>
      <description>KBART files are standardized title lists in .TXT format, that specify electronic collections. This is to provide a short overview on what to expect from this metadata format and how to work with it as publisher or librarian.</description>
      <guid>https://www.datamercs.net/posts/2015-02-02-working-with-kbart-files</guid>
      <pubDate>Tue, 03 Feb 2015 00:00:00 +0000</pubDate>
    </item>
    <item>
      <title>A rough guide to cold brew</title>
      <dc:creator>Olaf Schmalfuß</dc:creator>
      <link>https://www.datamercs.net/posts/2013-07-21-a-rough-guide-to-cold-brew</link>
      <description>While to the common librarian Cory Doctorow is merely known as champion for Open Access, the Creative Commons, the EFF etc., he is also a hell of a barrista, introducing many a young scholar - the author included - to the carnality of cold brew.  
So, here is the rough guide for future reference.</description>
      <guid>https://www.datamercs.net/posts/2013-07-21-a-rough-guide-to-cold-brew</guid>
      <pubDate>Sun, 21 Jul 2013 00:00:00 +0000</pubDate>
      <media:content url="https://www.datamercs.net/posts/2013-07-21-a-rough-guide-to-cold-brew/cold_brew_cats.jpg" medium="image" type="image/jpeg"/>
    </item>
    <item>
      <title>MarcEdit under Ubuntu Linux</title>
      <dc:creator>Olaf Schmalfuß</dc:creator>
      <link>https://www.datamercs.net/posts/2013-05-23-marcedit-under-ubuntu-linux</link>
      <description>HowTo install MarcEdit under Ubuntu 13.04, via Mono or Wine</description>
      <guid>https://www.datamercs.net/posts/2013-05-23-marcedit-under-ubuntu-linux</guid>
      <pubDate>Thu, 23 May 2013 00:00:00 +0000</pubDate>
    </item>
  </channel>
</rss>
